,0,1,2,3,4,5,6,7,8,9,10,11,12,13,14,15,16,17,18,19,20,21,22,23,24,25,26,27,28,29,30,31
0,"('id', UUID('6deae0db-deb9-44eb-b104-0cba829114b2'))","('client_order_id', '4e83ef11-3042-49c1-a867-39ae4a5105d1')","('created_at', datetime.datetime(2024, 7, 13, 0, 44, 46, 851556, tzinfo=TzInfo(UTC)))","('updated_at', datetime.datetime(2024, 7, 13, 0, 44, 46, 883410, tzinfo=TzInfo(UTC)))","('submitted_at', datetime.datetime(2024, 7, 13, 0, 44, 46, 851556, tzinfo=TzInfo(UTC)))","('filled_at', datetime.datetime(2024, 7, 13, 0, 44, 46, 855744, tzinfo=TzInfo(UTC)))","('expired_at', None)","('canceled_at', None)","('failed_at', None)","('replaced_at', None)","('replaced_by', None)","('replaces', None)","('asset_id', UUID('276e2673-764b-4ab6-a611-caf665ca6340'))","('symbol', 'BTC/USD')","('asset_class', <AssetClass.CRYPTO: 'crypto'>)","('notional', None)","('qty', '0.013071847')","('filled_qty', '0.013071847')","('filled_avg_price', '57839.6')","('order_class', <OrderClass.SIMPLE: 'simple'>)","('order_type', <OrderType.MARKET: 'market'>)","('type', <OrderType.MARKET: 'market'>)","('side', <OrderSide.SELL: 'sell'>)","('time_in_force', <TimeInForce.GTC: 'gtc'>)","('limit_price', None)","('stop_price', None)","('status', <OrderStatus.FILLED: 'filled'>)","('extended_hours', False)","('legs', None)","('trail_percent', None)","('trail_price', None)","('hwm', None)"
1,"('id', UUID('473b5794-66c7-48d8-867d-f62578325d99'))","('client_order_id', 'f1455b90-f085-4d2b-80b0-a8194f59a375')","('created_at', datetime.datetime(2024, 7, 13, 0, 30, 23, 457214, tzinfo=TzInfo(UTC)))","('updated_at', datetime.datetime(2024, 7, 13, 0, 30, 23, 483722, tzinfo=TzInfo(UTC)))","('submitted_at', datetime.datetime(2024, 7, 13, 0, 30, 23, 457214, tzinfo=TzInfo(UTC)))","('filled_at', datetime.datetime(2024, 7, 13, 0, 30, 23, 461871, tzinfo=TzInfo(UTC)))","('expired_at', None)","('canceled_at', None)","('failed_at', None)","('replaced_at', None)","('replaced_by', None)","('replaces', None)","('asset_id', UUID('276e2673-764b-4ab6-a611-caf665ca6340'))","('symbol', 'BTC/USD')","('asset_class', <AssetClass.CRYPTO: 'crypto'>)","('notional', None)","('qty', '0.013074392')","('filled_qty', '0.013074392')","('filled_avg_price', '57819.36')","('order_class', <OrderClass.SIMPLE: 'simple'>)","('order_type', <OrderType.MARKET: 'market'>)","('type', <OrderType.MARKET: 'market'>)","('side', <OrderSide.SELL: 'sell'>)","('time_in_force', <TimeInForce.GTC: 'gtc'>)","('limit_price', None)","('stop_price', None)","('status', <OrderStatus.FILLED: 'filled'>)","('extended_hours', False)","('legs', None)","('trail_percent', None)","('trail_price', None)","('hwm', None)"
2,"('id', UUID('284e05c6-2559-4075-8443-65515cad6ee1'))","('client_order_id', 'e00b0374-2320-4262-a67f-3ed96924c1f7')","('created_at', datetime.datetime(2024, 7, 13, 0, 14, 47, 302516, tzinfo=TzInfo(UTC)))","('updated_at', datetime.datetime(2024, 7, 13, 0, 14, 47, 332949, tzinfo=TzInfo(UTC)))","('submitted_at', datetime.datetime(2024, 7, 13, 0, 14, 47, 302516, tzinfo=TzInfo(UTC)))","('filled_at', datetime.datetime(2024, 7, 13, 0, 14, 47, 306505, tzinfo=TzInfo(UTC)))","('expired_at', None)","('canceled_at', None)","('failed_at', None)","('replaced_at', None)","('replaced_by', None)","('replaces', None)","('asset_id', UUID('276e2673-764b-4ab6-a611-caf665ca6340'))","('symbol', 'BTC/USD')","('asset_class', <AssetClass.CRYPTO: 'crypto'>)","('notional', None)","('qty', '0.01295453')","('filled_qty', '0.01295453')","('filled_avg_price', '57935.38')","('order_class', <OrderClass.SIMPLE: 'simple'>)","('order_type', <OrderType.MARKET: 'market'>)","('type', <OrderType.MARKET: 'market'>)","('side', <OrderSide.BUY: 'buy'>)","('time_in_force', <TimeInForce.GTC: 'gtc'>)","('limit_price', None)","('stop_price', None)","('status', <OrderStatus.FILLED: 'filled'>)","('extended_hours', False)","('legs', None)","('trail_percent', None)","('trail_price', None)","('hwm', None)"
3,"('id', UUID('4f290d18-acb8-4ff2-babc-cec1b549b386'))","('client_order_id', 'f3349bb2-55d0-46e0-967e-0f0210e217be')","('created_at', datetime.datetime(2024, 7, 12, 23, 59, 47, 302218, tzinfo=TzInfo(UTC)))","('updated_at', datetime.datetime(2024, 7, 12, 23, 59, 47, 333499, tzinfo=TzInfo(UTC)))","('submitted_at', datetime.datetime(2024, 7, 12, 23, 59, 47, 302218, tzinfo=TzInfo(UTC)))","('filled_at', datetime.datetime(2024, 7, 12, 23, 59, 47, 307030, tzinfo=TzInfo(UTC)))","('expired_at', None)","('canceled_at', None)","('failed_at', None)","('replaced_at', None)","('replaced_by', None)","('replaces', None)","('asset_id', UUID('276e2673-764b-4ab6-a611-caf665ca6340'))","('symbol', 'BTC/USD')","('asset_class', <AssetClass.CRYPTO: 'crypto'>)","('notional', None)","('qty', '0.012959488')","('filled_qty', '0.012959488')","('filled_avg_price', '57930.23')","('order_class', <OrderClass.SIMPLE: 'simple'>)","('order_type', <OrderType.MARKET: 'market'>)","('type', <OrderType.MARKET: 'market'>)","('side', <OrderSide.BUY: 'buy'>)","('time_in_force', <TimeInForce.GTC: 'gtc'>)","('limit_price', None)","('stop_price', None)","('status', <OrderStatus.FILLED: 'filled'>)","('extended_hours', False)","('legs', None)","('trail_percent', None)","('trail_price', None)","('hwm', None)"
4,"('id', UUID('96e30b1e-b6a3-452f-ac4f-cdef89ae6840'))","('client_order_id', '0e5839b3-3253-4248-a7e3-1adcefaba441')","('created_at', datetime.datetime(2024, 7, 12, 23, 44, 46, 896554, tzinfo=TzInfo(UTC)))","('updated_at', datetime.datetime(2024, 7, 12, 23, 44, 46, 933496, tzinfo=TzInfo(UTC)))","('submitted_at', datetime.datetime(2024, 7, 12, 23, 44, 46, 896554, tzinfo=TzInfo(UTC)))","('filled_at', datetime.datetime(2024, 7, 12, 23, 44, 46, 901749, tzinfo=TzInfo(UTC)))","('expired_at', None)","('canceled_at', None)","('failed_at', None)","('replaced_at', None)","('replaced_by', None)","('replaces', None)","('asset_id', UUID('276e2673-764b-4ab6-a611-caf665ca6340'))","('symbol', 'BTC/USD')","('asset_class', <AssetClass.CRYPTO: 'crypto'>)","('notional', None)","('qty', '0.012971121')","('filled_qty', '0.012971121')","('filled_avg_price', '57874.5')","('order_class', <OrderClass.SIMPLE: 'simple'>)","('order_type', <OrderType.MARKET: 'market'>)","('type', <OrderType.MARKET: 'market'>)","('side', <OrderSide.BUY: 'buy'>)","('time_in_force', <TimeInForce.GTC: 'gtc'>)","('limit_price', None)","('stop_price', None)","('status', <OrderStatus.FILLED: 'filled'>)","('extended_hours', False)","('legs', None)","('trail_percent', None)","('trail_price', None)","('hwm', None)"
5,"('id', UUID('5e09eb8d-63c1-45a2-84a8-345c9abe46d8'))","('client_order_id', 'f1dc68d6-0605-4628-8f03-e33b0f08ae78')","('created_at', datetime.datetime(2024, 7, 12, 22, 59, 46, 518206, tzinfo=TzInfo(UTC)))","('updated_at', datetime.datetime(2024, 7, 12, 22, 59, 46, 533015, tzinfo=TzInfo(UTC)))","('submitted_at', datetime.datetime(2024, 7, 12, 22, 59, 46, 518206, tzinfo=TzInfo(UTC)))","('filled_at', datetime.datetime(2024, 7, 12, 22, 59, 46, 521431, tzinfo=TzInfo(UTC)))","('expired_at', None)","('canceled_at', None)","('failed_at', None)","('replaced_at', None)","('replaced_by', None)","('replaces', None)","('asset_id', UUID('276e2673-764b-4ab6-a611-caf665ca6340'))","('symbol', 'BTC/USD')","('asset_class', <AssetClass.CRYPTO: 'crypto'>)","('notional', None)","('qty', '0.012980569')","('filled_qty', '0.012980569')","('filled_avg_price', '57836.65')","('order_class', <OrderClass.SIMPLE: 'simple'>)","('order_type', <OrderType.MARKET: 'market'>)","('type', <OrderType.MARKET: 'market'>)","('side', <OrderSide.BUY: 'buy'>)","('time_in_force', <TimeInForce.GTC: 'gtc'>)","('limit_price', None)","('stop_price', None)","('status', <OrderStatus.FILLED: 'filled'>)","('extended_hours', False)","('legs', None)","('trail_percent', None)","('trail_price', None)","('hwm', None)"
6,"('id', UUID('9bf54b47-873a-472e-924a-3918137038e6'))","('client_order_id', '1a85f572-25be-4d11-89f5-2ddf0d2051fb')","('created_at', datetime.datetime(2024, 7, 12, 22, 44, 47, 131303, tzinfo=TzInfo(UTC)))","('updated_at', datetime.datetime(2024, 7, 12, 22, 44, 47, 183813, tzinfo=TzInfo(UTC)))","('submitted_at', datetime.datetime(2024, 7, 12, 22, 44, 47, 131303, tzinfo=TzInfo(UTC)))","('filled_at', datetime.datetime(2024, 7, 12, 22, 44, 47, 135235, tzinfo=TzInfo(UTC)))","('expired_at', None)","('canceled_at', None)","('failed_at', None)","('replaced_at', None)","('replaced_by', None)","('replaces', None)","('asset_id', UUID('276e2673-764b-4ab6-a611-caf665ca6340'))","('symbol', 'BTC/USD')","('asset_class', <AssetClass.CRYPTO: 'crypto'>)","('notional', None)","('qty', '0.012997865')","('filled_qty', '0.012997865')","('filled_avg_price', '57775.26')","('order_class', <OrderClass.SIMPLE: 'simple'>)","('order_type', <OrderType.MARKET: 'market'>)","('type', <OrderType.MARKET: 'market'>)","('side', <OrderSide.BUY: 'buy'>)","('time_in_force', <TimeInForce.GTC: 'gtc'>)","('limit_price', None)","('stop_price', None)","('status', <OrderStatus.FILLED: 'filled'>)","('extended_hours', False)","('legs', None)","('trail_percent', None)","('trail_price', None)","('hwm', None)"
7,"('id', UUID('bc513da9-1a3e-4739-bccb-695fa2021413'))","('client_order_id', 'ae365651-6276-43a9-b526-3e77f436a7f5')","('created_at', datetime.datetime(2024, 7, 12, 22, 30, 26, 553455, tzinfo=TzInfo(UTC)))","('updated_at', datetime.datetime(2024, 7, 12, 22, 30, 26, 583599, tzinfo=TzInfo(UTC)))","('submitted_at', datetime.datetime(2024, 7, 12, 22, 30, 26, 553455, tzinfo=TzInfo(UTC)))","('filled_at', datetime.datetime(2024, 7, 12, 22, 30, 26, 557097, tzinfo=TzInfo(UTC)))","('expired_at', None)","('canceled_at', None)","('failed_at', None)","('replaced_at', None)","('replaced_by', None)","('replaces', None)","('asset_id', UUID('276e2673-764b-4ab6-a611-caf665ca6340'))","('symbol', 'BTC/USD')","('asset_class', <AssetClass.CRYPTO: 'crypto'>)","('notional', None)","('qty', '0.013004')","('filled_qty', '0.013004')","('filled_avg_price', '57739.07')","('order_class', <OrderClass.SIMPLE: 'simple'>)","('order_type', <OrderType.MARKET: 'market'>)","('type', <OrderType.MARKET: 'market'>)","('side', <OrderSide.BUY: 'buy'>)","('time_in_force', <TimeInForce.GTC: 'gtc'>)","('limit_price', None)","('stop_price', None)","('status', <OrderStatus.FILLED: 'filled'>)","('extended_hours', False)","('legs', None)","('trail_percent', None)","('trail_price', None)","('hwm', None)"
8,"('id', UUID('7993b866-e900-4162-a803-e1c74bcaeb2a'))","('client_order_id', 'f4c9155e-b87f-449e-8600-8d794aae55ae')","('created_at', datetime.datetime(2024, 7, 12, 22, 14, 46, 906298, tzinfo=TzInfo(UTC)))","('updated_at', datetime.datetime(2024, 7, 12, 22, 14, 46, 933702, tzinfo=TzInfo(UTC)))","('submitted_at', datetime.datetime(2024, 7, 12, 22, 14, 46, 906298, tzinfo=TzInfo(UTC)))","('filled_at', datetime.datetime(2024, 7, 12, 22, 14, 46, 910075, tzinfo=TzInfo(UTC)))","('expired_at', None)","('canceled_at', None)","('failed_at', None)","('replaced_at', None)","('replaced_by', None)","('replaces', None)","('asset_id', UUID('276e2673-764b-4ab6-a611-caf665ca6340'))","('symbol', 'BTC/USD')","('asset_class', <AssetClass.CRYPTO: 'crypto'>)","('notional', None)","('qty', '0.013003717')","('filled_qty', '0.013003717')","('filled_avg_price', '57741.8')","('order_class', <OrderClass.SIMPLE: 'simple'>)","('order_type', <OrderType.MARKET: 'market'>)","('type', <OrderType.MARKET: 'market'>)","('side', <OrderSide.BUY: 'buy'>)","('time_in_force', <TimeInForce.GTC: 'gtc'>)","('limit_price', None)","('stop_price', None)","('status', <OrderStatus.FILLED: 'filled'>)","('extended_hours', False)","('legs', None)","('trail_percent', None)","('trail_price', None)","('hwm', None)"
9,"('id', UUID('fead24f5-c8be-454f-8142-2431564270b1'))","('client_order_id', '4fb8a935-1eaf-4285-be21-84b953163414')","('created_at', datetime.datetime(2024, 7, 12, 21, 59, 46, 815783, tzinfo=TzInfo(UTC)))","('updated_at', datetime.datetime(2024, 7, 12, 21, 59, 46, 833662, tzinfo=TzInfo(UTC)))","('submitted_at', datetime.datetime(2024, 7, 12, 21, 59, 46, 815783, tzinfo=TzInfo(UTC)))","('filled_at', datetime.datetime(2024, 7, 12, 21, 59, 46, 820235, tzinfo=TzInfo(UTC)))","('expired_at', None)","('canceled_at', None)","('failed_at', None)","('replaced_at', None)","('replaced_by', None)","('replaces', None)","('asset_id', UUID('276e2673-764b-4ab6-a611-caf665ca6340'))","('symbol', 'BTC/USD')","('asset_class', <AssetClass.CRYPTO: 'crypto'>)","('notional', None)","('qty', '0.013018497')","('filled_qty', '0.013018497')","('filled_avg_price', '57647.585')","('order_class', <OrderClass.SIMPLE: 'simple'>)","('order_type', <OrderType.MARKET: 'market'>)","('type', <OrderType.MARKET: 'market'>)","('side', <OrderSide.BUY: 'buy'>)","('time_in_force', <TimeInForce.GTC: 'gtc'>)","('limit_price', None)","('stop_price', None)","('status', <OrderStatus.FILLED: 'filled'>)","('extended_hours', False)","('legs', None)","('trail_percent', None)","('trail_price', None)","('hwm', None)"
10,"('id', UUID('ec7cf34f-5520-4461-a65f-c5f8c4d15db9'))","('client_order_id', '4c89b8de-9ad5-4c27-af5d-83514e26f7bb')","('created_at', datetime.datetime(2024, 7, 12, 21, 44, 46, 748073, tzinfo=TzInfo(UTC)))","('updated_at', datetime.datetime(2024, 7, 12, 21, 44, 46, 783857, tzinfo=TzInfo(UTC)))","('submitted_at', datetime.datetime(2024, 7, 12, 21, 44, 46, 748073, tzinfo=TzInfo(UTC)))","('filled_at', datetime.datetime(2024, 7, 12, 21, 44, 46, 752879, tzinfo=TzInfo(UTC)))","('expired_at', None)","('canceled_at', None)","('failed_at', None)","('replaced_at', None)","('replaced_by', None)","('replaces', None)","('asset_id', UUID('276e2673-764b-4ab6-a611-caf665ca6340'))","('symbol', 'BTC/USD')","('asset_class', <AssetClass.CRYPTO: 'crypto'>)","('notional', None)","('qty', '0.013016839')","('filled_qty', '0.013016839')","('filled_avg_price', '57659.451')","('order_class', <OrderClass.SIMPLE: 'simple'>)","('order_type', <OrderType.MARKET: 'market'>)","('type', <OrderType.MARKET: 'market'>)","('side', <OrderSide.BUY: 'buy'>)","('time_in_force', <TimeInForce.GTC: 'gtc'>)","('limit_price', None)","('stop_price', None)","('status', <OrderStatus.FILLED: 'filled'>)","('extended_hours', False)","('legs', None)","('trail_percent', None)","('trail_price', None)","('hwm', None)"
11,"('id', UUID('bf752cec-950e-4778-b1b1-c4a52203596f'))","('client_order_id', '403ee53a-a62c-4558-8ed1-5cea47a38168')","('created_at', datetime.datetime(2024, 7, 12, 21, 30, 27, 568634, tzinfo=TzInfo(UTC)))","('updated_at', datetime.datetime(2024, 7, 12, 21, 30, 27, 583217, tzinfo=TzInfo(UTC)))","('submitted_at', datetime.datetime(2024, 7, 12, 21, 30, 27, 568634, tzinfo=TzInfo(UTC)))","('filled_at', datetime.datetime(2024, 7, 12, 21, 30, 27, 571810, tzinfo=TzInfo(UTC)))","('expired_at', None)","('canceled_at', None)","('failed_at', None)","('replaced_at', None)","('replaced_by', None)","('replaces', None)","('asset_id', UUID('276e2673-764b-4ab6-a611-caf665ca6340'))","('symbol', 'BTC/USD')","('asset_class', <AssetClass.CRYPTO: 'crypto'>)","('notional', None)","('qty', '0.013023485')","('filled_qty', '0.013023485')","('filled_avg_price', '57628.34')","('order_class', <OrderClass.SIMPLE: 'simple'>)","('order_type', <OrderType.MARKET: 'market'>)","('type', <OrderType.MARKET: 'market'>)","('side', <OrderSide.BUY: 'buy'>)","('time_in_force', <TimeInForce.GTC: 'gtc'>)","('limit_price', None)","('stop_price', None)","('status', <OrderStatus.FILLED: 'filled'>)","('extended_hours', False)","('legs', None)","('trail_percent', None)","('trail_price', None)","('hwm', None)"
12,"('id', UUID('22df4119-de0b-4798-b957-e008fc59c70b'))","('client_order_id', '5f629509-4541-49e2-b38f-d9e7492676b7')","('created_at', datetime.datetime(2024, 7, 12, 21, 14, 46, 540065, tzinfo=TzInfo(UTC)))","('updated_at', datetime.datetime(2024, 7, 12, 21, 14, 46, 583052, tzinfo=TzInfo(UTC)))","('submitted_at', datetime.datetime(2024, 7, 12, 21, 14, 46, 540065, tzinfo=TzInfo(UTC)))","('filled_at', datetime.datetime(2024, 7, 12, 21, 14, 46, 544208, tzinfo=TzInfo(UTC)))","('expired_at', None)","('canceled_at', None)","('failed_at', None)","('replaced_at', None)","('replaced_by', None)","('replaces', None)","('asset_id', UUID('276e2673-764b-4ab6-a611-caf665ca6340'))","('symbol', 'BTC/USD')","('asset_class', <AssetClass.CRYPTO: 'crypto'>)","('notional', None)","('qty', '0.041281147')","('filled_qty', '0.041281147')","('filled_avg_price', '57734.2')","('order_class', <OrderClass.SIMPLE: 'simple'>)","('order_type', <OrderType.MARKET: 'market'>)","('type', <OrderType.MARKET: 'market'>)","('side', <OrderSide.BUY: 'buy'>)","('time_in_force', <TimeInForce.GTC: 'gtc'>)","('limit_price', None)","('stop_price', None)","('status', <OrderStatus.FILLED: 'filled'>)","('extended_hours', False)","('legs', None)","('trail_percent', None)","('trail_price', None)","('hwm', None)"
13,"('id', UUID('b73ea791-64ac-4a30-b8d8-a2445c511439'))","('client_order_id', '213a4a77-0b40-436e-8b7b-6c56945f2b15')","('created_at', datetime.datetime(2024, 7, 12, 20, 59, 46, 675967, tzinfo=TzInfo(UTC)))","('updated_at', datetime.datetime(2024, 7, 12, 20, 59, 46, 683660, tzinfo=TzInfo(UTC)))","('submitted_at', datetime.datetime(2024, 7, 12, 20, 59, 46, 675967, tzinfo=TzInfo(UTC)))","('filled_at', datetime.datetime(2024, 7, 12, 20, 59, 46, 680106, tzinfo=TzInfo(UTC)))","('expired_at', None)","('canceled_at', None)","('failed_at', None)","('replaced_at', None)","('replaced_by', None)","('replaces', None)","('asset_id', UUID('276e2673-764b-4ab6-a611-caf665ca6340'))","('symbol', 'BTC/USD')","('asset_class', <AssetClass.CRYPTO: 'crypto'>)","('notional', None)","('qty', '0.041371313')","('filled_qty', '0.041371313')","('filled_avg_price', '57613.082')","('order_class', <OrderClass.SIMPLE: 'simple'>)","('order_type', <OrderType.MARKET: 'market'>)","('type', <OrderType.MARKET: 'market'>)","('side', <OrderSide.BUY: 'buy'>)","('time_in_force', <TimeInForce.GTC: 'gtc'>)","('limit_price', None)","('stop_price', None)","('status', <OrderStatus.FILLED: 'filled'>)","('extended_hours', False)","('legs', None)","('trail_percent', None)","('trail_price', None)","('hwm', None)"
14,"('id', UUID('d39fd0fc-6b7d-4d20-a72e-6b3be44e6485'))","('client_order_id', 'e708e37a-5fb8-4bf0-a110-63e4efbd1c36')","('created_at', datetime.datetime(2024, 7, 12, 20, 44, 46, 775302, tzinfo=TzInfo(UTC)))","('updated_at', datetime.datetime(2024, 7, 12, 20, 44, 46, 782923, tzinfo=TzInfo(UTC)))","('submitted_at', datetime.datetime(2024, 7, 12, 20, 44, 46, 775302, tzinfo=TzInfo(UTC)))","('filled_at', datetime.datetime(2024, 7, 12, 20, 44, 46, 778428, tzinfo=TzInfo(UTC)))","('expired_at', None)","('canceled_at', None)","('failed_at', None)","('replaced_at', None)","('replaced_by', None)","('replaces', None)","('asset_id', UUID('276e2673-764b-4ab6-a611-caf665ca6340'))","('symbol', 'BTC/USD')","('asset_class', <AssetClass.CRYPTO: 'crypto'>)","('notional', None)","('qty', '0.041407655')","('filled_qty', '0.041407655')","('filled_avg_price', '57570.315')","('order_class', <OrderClass.SIMPLE: 'simple'>)","('order_type', <OrderType.MARKET: 'market'>)","('type', <OrderType.MARKET: 'market'>)","('side', <OrderSide.BUY: 'buy'>)","('time_in_force', <TimeInForce.GTC: 'gtc'>)","('limit_price', None)","('stop_price', None)","('status', <OrderStatus.FILLED: 'filled'>)","('extended_hours', False)","('legs', None)","('trail_percent', None)","('trail_price', None)","('hwm', None)"
15,"('id', UUID('80bfe936-b568-489c-91e5-8f9c128c5f32'))","('client_order_id', 'bbf97ea1-fa6b-4499-9bfc-71a44bd201d6')","('created_at', datetime.datetime(2024, 7, 12, 20, 30, 27, 164761, tzinfo=TzInfo(UTC)))","('updated_at', datetime.datetime(2024, 7, 12, 20, 30, 27, 183173, tzinfo=TzInfo(UTC)))","('submitted_at', datetime.datetime(2024, 7, 12, 20, 30, 27, 164761, tzinfo=TzInfo(UTC)))","('filled_at', datetime.datetime(2024, 7, 12, 20, 30, 27, 168341, tzinfo=TzInfo(UTC)))","('expired_at', None)","('canceled_at', None)","('failed_at', None)","('replaced_at', None)","('replaced_by', None)","('replaces', None)","('asset_id', UUID('276e2673-764b-4ab6-a611-caf665ca6340'))","('symbol', 'BTC/USD')","('asset_class', <AssetClass.CRYPTO: 'crypto'>)","('notional', None)","('qty', '0.041555338')","('filled_qty', '0.041555338')","('filled_avg_price', '57354.11')","('order_class', <OrderClass.SIMPLE: 'simple'>)","('order_type', <OrderType.MARKET: 'market'>)","('type', <OrderType.MARKET: 'market'>)","('side', <OrderSide.BUY: 'buy'>)","('time_in_force', <TimeInForce.GTC: 'gtc'>)","('limit_price', None)","('stop_price', None)","('status', <OrderStatus.FILLED: 'filled'>)","('extended_hours', False)","('legs', None)","('trail_percent', None)","('trail_price', None)","('hwm', None)"
16,"('id', UUID('d258a2dc-e129-4147-a124-67ac7913ccdc'))","('client_order_id', 'ab99cbad-7afa-4ed5-90e9-ec0d3ec47527')","('created_at', datetime.datetime(2024, 7, 12, 20, 14, 46, 928994, tzinfo=TzInfo(UTC)))","('updated_at', datetime.datetime(2024, 7, 12, 20, 14, 46, 983285, tzinfo=TzInfo(UTC)))","('submitted_at', datetime.datetime(2024, 7, 12, 20, 14, 46, 928994, tzinfo=TzInfo(UTC)))","('filled_at', datetime.datetime(2024, 7, 12, 20, 14, 46, 953370, tzinfo=TzInfo(UTC)))","('expired_at', None)","('canceled_at', None)","('failed_at', None)","('replaced_at', None)","('replaced_by', None)","('replaces', None)","('asset_id', UUID('276e2673-764b-4ab6-a611-caf665ca6340'))","('symbol', 'BTC/USD')","('asset_class', <AssetClass.CRYPTO: 'crypto'>)","('notional', None)","('qty', '0.041451024')","('filled_qty', '0.041451024')","('filled_avg_price', '57506.797')","('order_class', <OrderClass.SIMPLE: 'simple'>)","('order_type', <OrderType.MARKET: 'market'>)","('type', <OrderType.MARKET: 'market'>)","('side', <OrderSide.BUY: 'buy'>)","('time_in_force', <TimeInForce.GTC: 'gtc'>)","('limit_price', None)","('stop_price', None)","('status', <OrderStatus.FILLED: 'filled'>)","('extended_hours', False)","('legs', None)","('trail_percent', None)","('trail_price', None)","('hwm', None)"
17,"('id', UUID('5f5a7f8d-85d9-49db-9a0e-a6a2a66e0fed'))","('client_order_id', '1ac75f8a-a76d-4f86-9759-cb7f028d8477')","('created_at', datetime.datetime(2024, 7, 12, 19, 59, 46, 485021, tzinfo=TzInfo(UTC)))","('updated_at', datetime.datetime(2024, 7, 12, 19, 59, 46, 533241, tzinfo=TzInfo(UTC)))","('submitted_at', datetime.datetime(2024, 7, 12, 19, 59, 46, 485021, tzinfo=TzInfo(UTC)))","('filled_at', datetime.datetime(2024, 7, 12, 19, 59, 46, 488584, tzinfo=TzInfo(UTC)))","('expired_at', None)","('canceled_at', None)","('failed_at', None)","('replaced_at', None)","('replaced_by', None)","('replaces', None)","('asset_id', UUID('276e2673-764b-4ab6-a611-caf665ca6340'))","('symbol', 'BTC/USD')","('asset_class', <AssetClass.CRYPTO: 'crypto'>)","('notional', None)","('qty', '0.041351117')","('filled_qty', '0.041351117')","('filled_avg_price', '57645.23')","('order_class', <OrderClass.SIMPLE: 'simple'>)","('order_type', <OrderType.MARKET: 'market'>)","('type', <OrderType.MARKET: 'market'>)","('side', <OrderSide.BUY: 'buy'>)","('time_in_force', <TimeInForce.GTC: 'gtc'>)","('limit_price', None)","('stop_price', None)","('status', <OrderStatus.FILLED: 'filled'>)","('extended_hours', False)","('legs', None)","('trail_percent', None)","('trail_price', None)","('hwm', None)"
18,"('id', UUID('921177ff-2803-4b85-a1e0-b9d01fad1ff4'))","('client_order_id', '0c85dcf6-5003-4325-8340-9766003dc668')","('created_at', datetime.datetime(2024, 7, 12, 19, 44, 46, 774200, tzinfo=TzInfo(UTC)))","('updated_at', datetime.datetime(2024, 7, 12, 19, 44, 46, 782895, tzinfo=TzInfo(UTC)))","('submitted_at', datetime.datetime(2024, 7, 12, 19, 44, 46, 774200, tzinfo=TzInfo(UTC)))","('filled_at', datetime.datetime(2024, 7, 12, 19, 44, 46, 778016, tzinfo=TzInfo(UTC)))","('expired_at', None)","('canceled_at', None)","('failed_at', None)","('replaced_at', None)","('replaced_by', None)","('replaces', None)","('asset_id', UUID('276e2673-764b-4ab6-a611-caf665ca6340'))","('symbol', 'BTC/USD')","('asset_class', <AssetClass.CRYPTO: 'crypto'>)","('notional', None)","('qty', '0.041202919')","('filled_qty', '0.041202919')","('filled_avg_price', '57871.419')","('order_class', <OrderClass.SIMPLE: 'simple'>)","('order_type', <OrderType.MARKET: 'market'>)","('type', <OrderType.MARKET: 'market'>)","('side', <OrderSide.BUY: 'buy'>)","('time_in_force', <TimeInForce.GTC: 'gtc'>)","('limit_price', None)","('stop_price', None)","('status', <OrderStatus.FILLED: 'filled'>)","('extended_hours', False)","('legs', None)","('trail_percent', None)","('trail_price', None)","('hwm', None)"
19,"('id', UUID('f4b0dce9-c795-4bf1-a147-d2d10d98c08b'))","('client_order_id', 'd7dbebc9-c2cc-4549-8228-9fa465628510')","('created_at', datetime.datetime(2024, 7, 12, 19, 30, 24, 291311, tzinfo=TzInfo(UTC)))","('updated_at', datetime.datetime(2024, 7, 12, 19, 30, 24, 333298, tzinfo=TzInfo(UTC)))","('submitted_at', datetime.datetime(2024, 7, 12, 19, 30, 24, 291311, tzinfo=TzInfo(UTC)))","('filled_at', datetime.datetime(2024, 7, 12, 19, 30, 24, 294658, tzinfo=TzInfo(UTC)))","('expired_at', None)","('canceled_at', None)","('failed_at', None)","('replaced_at', None)","('replaced_by', None)","('replaces', None)","('asset_id', UUID('276e2673-764b-4ab6-a611-caf665ca6340'))","('symbol', 'BTC/USD')","('asset_class', <AssetClass.CRYPTO: 'crypto'>)","('notional', None)","('qty', '0.041170137')","('filled_qty', '0.041170137')","('filled_avg_price', '57916.795')","('order_class', <OrderClass.SIMPLE: 'simple'>)","('order_type', <OrderType.MARKET: 'market'>)","('type', <OrderType.MARKET: 'market'>)","('side', <OrderSide.BUY: 'buy'>)","('time_in_force', <TimeInForce.GTC: 'gtc'>)","('limit_price', None)","('stop_price', None)","('status', <OrderStatus.FILLED: 'filled'>)","('extended_hours', False)","('legs', None)","('trail_percent', None)","('trail_price', None)","('hwm', None)"
20,"('id', UUID('212ff7bd-ef1d-45c8-8a34-44f683bf2bb3'))","('client_order_id', 'd1435cde-f416-4743-a9ec-0011e7dbe367')","('created_at', datetime.datetime(2024, 7, 12, 19, 14, 46, 560744, tzinfo=TzInfo(UTC)))","('updated_at', datetime.datetime(2024, 7, 12, 19, 14, 46, 632626, tzinfo=TzInfo(UTC)))","('submitted_at', datetime.datetime(2024, 7, 12, 19, 14, 46, 560744, tzinfo=TzInfo(UTC)))","('filled_at', datetime.datetime(2024, 7, 12, 19, 14, 46, 583144, tzinfo=TzInfo(UTC)))","('expired_at', None)","('canceled_at', None)","('failed_at', None)","('replaced_at', None)","('replaced_by', None)","('replaces', None)","('asset_id', UUID('276e2673-764b-4ab6-a611-caf665ca6340'))","('symbol', 'BTC/USD')","('asset_class', <AssetClass.CRYPTO: 'crypto'>)","('notional', None)","('qty', '0.040929148')","('filled_qty', '0.040929148')","('filled_avg_price', '58172.32')","('order_class', <OrderClass.SIMPLE: 'simple'>)","('order_type', <OrderType.MARKET: 'market'>)","('type', <OrderType.MARKET: 'market'>)","('side', <OrderSide.SELL: 'sell'>)","('time_in_force', <TimeInForce.GTC: 'gtc'>)","('limit_price', None)","('stop_price', None)","('status', <OrderStatus.FILLED: 'filled'>)","('extended_hours', False)","('legs', None)","('trail_percent', None)","('trail_price', None)","('hwm', None)"
21,"('id', UUID('79c2a140-c0f2-418a-bf8c-747ac85f2a24'))","('client_order_id', '939f2c7d-8a2d-4e56-9654-6de58a639653')","('created_at', datetime.datetime(2024, 7, 12, 18, 59, 46, 468194, tzinfo=TzInfo(UTC)))","('updated_at', datetime.datetime(2024, 7, 12, 18, 59, 46, 483158, tzinfo=TzInfo(UTC)))","('submitted_at', datetime.datetime(2024, 7, 12, 18, 59, 46, 468194, tzinfo=TzInfo(UTC)))","('filled_at', datetime.datetime(2024, 7, 12, 18, 59, 46, 470862, tzinfo=TzInfo(UTC)))","('expired_at', None)","('canceled_at', None)","('failed_at', None)","('replaced_at', None)","('replaced_by', None)","('replaces', None)","('asset_id', UUID('276e2673-764b-4ab6-a611-caf665ca6340'))","('symbol', 'BTC/USD')","('asset_class', <AssetClass.CRYPTO: 'crypto'>)","('notional', None)","('qty', '0.040834981')","('filled_qty', '0.040834981')","('filled_avg_price', '58311.13')","('order_class', <OrderClass.SIMPLE: 'simple'>)","('order_type', <OrderType.MARKET: 'market'>)","('type', <OrderType.MARKET: 'market'>)","('side', <OrderSide.SELL: 'sell'>)","('time_in_force', <TimeInForce.GTC: 'gtc'>)","('limit_price', None)","('stop_price', None)","('status', <OrderStatus.FILLED: 'filled'>)","('extended_hours', False)","('legs', None)","('trail_percent', None)","('trail_price', None)","('hwm', None)"
22,"('id', UUID('c9d3c618-8166-43ab-9f07-85b7302afac0'))","('client_order_id', 'c3b9b861-612f-49cb-a339-097eeaf8c1af')","('created_at', datetime.datetime(2024, 7, 12, 18, 44, 47, 333752, tzinfo=TzInfo(UTC)))","('updated_at', datetime.datetime(2024, 7, 12, 18, 44, 47, 383303, tzinfo=TzInfo(UTC)))","('submitted_at', datetime.datetime(2024, 7, 12, 18, 44, 47, 333752, tzinfo=TzInfo(UTC)))","('filled_at', datetime.datetime(2024, 7, 12, 18, 44, 47, 336621, tzinfo=TzInfo(UTC)))","('expired_at', None)","('canceled_at', None)","('failed_at', None)","('replaced_at', None)","('replaced_by', None)","('replaces', None)","('asset_id', UUID('276e2673-764b-4ab6-a611-caf665ca6340'))","('symbol', 'BTC/USD')","('asset_class', <AssetClass.CRYPTO: 'crypto'>)","('notional', None)","('qty', '0.040771073')","('filled_qty', '0.040771073')","('filled_avg_price', '58393.28')","('order_class', <OrderClass.SIMPLE: 'simple'>)","('order_type', <OrderType.MARKET: 'market'>)","('type', <OrderType.MARKET: 'market'>)","('side', <OrderSide.SELL: 'sell'>)","('time_in_force', <TimeInForce.GTC: 'gtc'>)","('limit_price', None)","('stop_price', None)","('status', <OrderStatus.FILLED: 'filled'>)","('extended_hours', False)","('legs', None)","('trail_percent', None)","('trail_price', None)","('hwm', None)"
23,"('id', UUID('c8790b1c-983b-46af-86e7-f8f3ef471da6'))","('client_order_id', '894ecc56-81fc-4194-86d1-fe2ccf84ec26')","('created_at', datetime.datetime(2024, 7, 12, 18, 30, 37, 699135, tzinfo=TzInfo(UTC)))","('updated_at', datetime.datetime(2024, 7, 12, 18, 30, 37, 733022, tzinfo=TzInfo(UTC)))","('submitted_at', datetime.datetime(2024, 7, 12, 18, 30, 37, 699135, tzinfo=TzInfo(UTC)))","('filled_at', datetime.datetime(2024, 7, 12, 18, 30, 37, 702362, tzinfo=TzInfo(UTC)))","('expired_at', None)","('canceled_at', None)","('failed_at', None)","('replaced_at', None)","('replaced_by', None)","('replaces', None)","('asset_id', UUID('276e2673-764b-4ab6-a611-caf665ca6340'))","('symbol', 'BTC/USD')","('asset_class', <AssetClass.CRYPTO: 'crypto'>)","('notional', None)","('qty', '0.040961227')","('filled_qty', '0.040961227')","('filled_avg_price', '58161.5')","('order_class', <OrderClass.SIMPLE: 'simple'>)","('order_type', <OrderType.MARKET: 'market'>)","('type', <OrderType.MARKET: 'market'>)","('side', <OrderSide.SELL: 'sell'>)","('time_in_force', <TimeInForce.GTC: 'gtc'>)","('limit_price', None)","('stop_price', None)","('status', <OrderStatus.FILLED: 'filled'>)","('extended_hours', False)","('legs', None)","('trail_percent', None)","('trail_price', None)","('hwm', None)"
24,"('id', UUID('f5603bf0-3d9a-44b8-aeef-b5d99f90b8b0'))","('client_order_id', '1ff95dad-3668-40b3-8afb-7494fc1618ec')","('created_at', datetime.datetime(2024, 7, 12, 18, 14, 46, 504453, tzinfo=TzInfo(UTC)))","('updated_at', datetime.datetime(2024, 7, 12, 18, 14, 46, 533549, tzinfo=TzInfo(UTC)))","('submitted_at', datetime.datetime(2024, 7, 12, 18, 14, 46, 504453, tzinfo=TzInfo(UTC)))","('filled_at', datetime.datetime(2024, 7, 12, 18, 14, 46, 508865, tzinfo=TzInfo(UTC)))","('expired_at', None)","('canceled_at', None)","('failed_at', None)","('replaced_at', None)","('replaced_by', None)","('replaces', None)","('asset_id', UUID('276e2673-764b-4ab6-a611-caf665ca6340'))","('symbol', 'BTC/USD')","('asset_class', <AssetClass.CRYPTO: 'crypto'>)","('notional', None)","('qty', '0.040938709')","('filled_qty', '0.040938709')","('filled_avg_price', '58214.962')","('order_class', <OrderClass.SIMPLE: 'simple'>)","('order_type', <OrderType.MARKET: 'market'>)","('type', <OrderType.MARKET: 'market'>)","('side', <OrderSide.BUY: 'buy'>)","('time_in_force', <TimeInForce.GTC: 'gtc'>)","('limit_price', None)","('stop_price', None)","('status', <OrderStatus.FILLED: 'filled'>)","('extended_hours', False)","('legs', None)","('trail_percent', None)","('trail_price', None)","('hwm', None)"
25,"('id', UUID('5a508d50-14a6-40a6-81f3-d5bcbf282003'))","('client_order_id', 'bd52fbae-ff71-4895-927d-633539dd810b')","('created_at', datetime.datetime(2024, 7, 12, 17, 59, 46, 430019, tzinfo=TzInfo(UTC)))","('updated_at', datetime.datetime(2024, 7, 12, 17, 59, 46, 483544, tzinfo=TzInfo(UTC)))","('submitted_at', datetime.datetime(2024, 7, 12, 17, 59, 46, 430019, tzinfo=TzInfo(UTC)))","('filled_at', datetime.datetime(2024, 7, 12, 17, 59, 46, 432528, tzinfo=TzInfo(UTC)))","('expired_at', None)","('canceled_at', None)","('failed_at', None)","('replaced_at', None)","('replaced_by', None)","('replaces', None)","('asset_id', UUID('276e2673-764b-4ab6-a611-caf665ca6340'))","('symbol', 'BTC/USD')","('asset_class', <AssetClass.CRYPTO: 'crypto'>)","('notional', None)","('qty', '0.040963374')","('filled_qty', '0.040963374')","('filled_avg_price', '58212.58')","('order_class', <OrderClass.SIMPLE: 'simple'>)","('order_type', <OrderType.MARKET: 'market'>)","('type', <OrderType.MARKET: 'market'>)","('side', <OrderSide.BUY: 'buy'>)","('time_in_force', <TimeInForce.GTC: 'gtc'>)","('limit_price', None)","('stop_price', None)","('status', <OrderStatus.FILLED: 'filled'>)","('extended_hours', False)","('legs', None)","('trail_percent', None)","('trail_price', None)","('hwm', None)"
26,"('id', UUID('21f1d2ae-27ab-495b-9f2f-973f3a770df6'))","('client_order_id', '97713fb3-366e-42e3-aeb4-1c200a99a3b1')","('created_at', datetime.datetime(2024, 7, 12, 17, 44, 46, 845915, tzinfo=TzInfo(UTC)))","('updated_at', datetime.datetime(2024, 7, 12, 17, 44, 46, 883763, tzinfo=TzInfo(UTC)))","('submitted_at', datetime.datetime(2024, 7, 12, 17, 44, 46, 845915, tzinfo=TzInfo(UTC)))","('filled_at', datetime.datetime(2024, 7, 12, 17, 44, 46, 861089, tzinfo=TzInfo(UTC)))","('expired_at', None)","('canceled_at', None)","('failed_at', None)","('replaced_at', None)","('replaced_by', None)","('replaces', None)","('asset_id', UUID('276e2673-764b-4ab6-a611-caf665ca6340'))","('symbol', 'BTC/USD')","('asset_class', <AssetClass.CRYPTO: 'crypto'>)","('notional', None)","('qty', '0.04094778')","('filled_qty', '0.04094778')","('filled_avg_price', '58215.9')","('order_class', <OrderClass.SIMPLE: 'simple'>)","('order_type', <OrderType.MARKET: 'market'>)","('type', <OrderType.MARKET: 'market'>)","('side', <OrderSide.BUY: 'buy'>)","('time_in_force', <TimeInForce.GTC: 'gtc'>)","('limit_price', None)","('stop_price', None)","('status', <OrderStatus.FILLED: 'filled'>)","('extended_hours', False)","('legs', None)","('trail_percent', None)","('trail_price', None)","('hwm', None)"
27,"('id', UUID('884d8dff-3282-424b-b665-f62685086950'))","('client_order_id', '4a545045-6d69-4608-914f-864db9aed4d6')","('created_at', datetime.datetime(2024, 7, 12, 17, 30, 31, 20849, tzinfo=TzInfo(UTC)))","('updated_at', datetime.datetime(2024, 7, 12, 17, 30, 31, 33249, tzinfo=TzInfo(UTC)))","('submitted_at', datetime.datetime(2024, 7, 12, 17, 30, 31, 20849, tzinfo=TzInfo(UTC)))","('filled_at', datetime.datetime(2024, 7, 12, 17, 30, 31, 23058, tzinfo=TzInfo(UTC)))","('expired_at', None)","('canceled_at', None)","('failed_at', None)","('replaced_at', None)","('replaced_by', None)","('replaces', None)","('asset_id', UUID('276e2673-764b-4ab6-a611-caf665ca6340'))","('symbol', 'BTC/USD')","('asset_class', <AssetClass.CRYPTO: 'crypto'>)","('notional', None)","('qty', '0.040925943')","('filled_qty', '0.040925943')","('filled_avg_price', '58245.23')","('order_class', <OrderClass.SIMPLE: 'simple'>)","('order_type', <OrderType.MARKET: 'market'>)","('type', <OrderType.MARKET: 'market'>)","('side', <OrderSide.BUY: 'buy'>)","('time_in_force', <TimeInForce.GTC: 'gtc'>)","('limit_price', None)","('stop_price', None)","('status', <OrderStatus.FILLED: 'filled'>)","('extended_hours', False)","('legs', None)","('trail_percent', None)","('trail_price', None)","('hwm', None)"
28,"('id', UUID('4eb77830-fe15-42e9-903a-a2af265688ac'))","('client_order_id', 'ed72b927-5453-4177-b1bc-971117e331ab')","('created_at', datetime.datetime(2024, 7, 12, 17, 14, 47, 52884, tzinfo=TzInfo(UTC)))","('updated_at', datetime.datetime(2024, 7, 12, 17, 14, 47, 82838, tzinfo=TzInfo(UTC)))","('submitted_at', datetime.datetime(2024, 7, 12, 17, 14, 47, 52884, tzinfo=TzInfo(UTC)))","('filled_at', datetime.datetime(2024, 7, 12, 17, 14, 47, 55434, tzinfo=TzInfo(UTC)))","('expired_at', None)","('canceled_at', None)","('failed_at', None)","('replaced_at', None)","('replaced_by', None)","('replaces', None)","('asset_id', UUID('276e2673-764b-4ab6-a611-caf665ca6340'))","('symbol', 'BTC/USD')","('asset_class', <AssetClass.CRYPTO: 'crypto'>)","('notional', None)","('qty', '0.040971251')","('filled_qty', '0.040971251')","('filled_avg_price', '58114.2')","('order_class', <OrderClass.SIMPLE: 'simple'>)","('order_type', <OrderType.MARKET: 'market'>)","('type', <OrderType.MARKET: 'market'>)","('side', <OrderSide.SELL: 'sell'>)","('time_in_force', <TimeInForce.GTC: 'gtc'>)","('limit_price', None)","('stop_price', None)","('status', <OrderStatus.FILLED: 'filled'>)","('extended_hours', False)","('legs', None)","('trail_percent', None)","('trail_price', None)","('hwm', None)"
29,"('id', UUID('fb4f24ee-a63e-4c45-8041-04162fd4b606'))","('client_order_id', '2e56bb3f-de5d-42e4-9b54-5a6c7ab3375a')","('created_at', datetime.datetime(2024, 7, 12, 16, 59, 46, 424018, tzinfo=TzInfo(UTC)))","('updated_at', datetime.datetime(2024, 7, 12, 16, 59, 46, 433093, tzinfo=TzInfo(UTC)))","('submitted_at', datetime.datetime(2024, 7, 12, 16, 59, 46, 424018, tzinfo=TzInfo(UTC)))","('filled_at', datetime.datetime(2024, 7, 12, 16, 59, 46, 426627, tzinfo=TzInfo(UTC)))","('expired_at', None)","('canceled_at', None)","('failed_at', None)","('replaced_at', None)","('replaced_by', None)","('replaces', None)","('asset_id', UUID('276e2673-764b-4ab6-a611-caf665ca6340'))","('symbol', 'BTC/USD')","('asset_class', <AssetClass.CRYPTO: 'crypto'>)","('notional', None)","('qty', '0.040959671')","('filled_qty', '0.040959671')","('filled_avg_price', '58124.521')","('order_class', <OrderClass.SIMPLE: 'simple'>)","('order_type', <OrderType.MARKET: 'market'>)","('type', <OrderType.MARKET: 'market'>)","('side', <OrderSide.SELL: 'sell'>)","('time_in_force', <TimeInForce.GTC: 'gtc'>)","('limit_price', None)","('stop_price', None)","('status', <OrderStatus.FILLED: 'filled'>)","('extended_hours', False)","('legs', None)","('trail_percent', None)","('trail_price', None)","('hwm', None)"
30,"('id', UUID('7e02f5b4-5c43-441d-8bf6-758e97ffe211'))","('client_order_id', '0d4e64a4-324a-44b4-a342-79829e56d2d3')","('created_at', datetime.datetime(2024, 7, 12, 16, 44, 47, 238534, tzinfo=TzInfo(UTC)))","('updated_at', datetime.datetime(2024, 7, 12, 16, 44, 47, 282675, tzinfo=TzInfo(UTC)))","('submitted_at', datetime.datetime(2024, 7, 12, 16, 44, 47, 238534, tzinfo=TzInfo(UTC)))","('filled_at', datetime.datetime(2024, 7, 12, 16, 44, 47, 241287, tzinfo=TzInfo(UTC)))","('expired_at', None)","('canceled_at', None)","('failed_at', None)","('replaced_at', None)","('replaced_by', None)","('replaces', None)","('asset_id', UUID('276e2673-764b-4ab6-a611-caf665ca6340'))","('symbol', 'BTC/USD')","('asset_class', <AssetClass.CRYPTO: 'crypto'>)","('notional', None)","('qty', '0.041001998')","('filled_qty', '0.041001998')","('filled_avg_price', '58127.3')","('order_class', <OrderClass.SIMPLE: 'simple'>)","('order_type', <OrderType.MARKET: 'market'>)","('type', <OrderType.MARKET: 'market'>)","('side', <OrderSide.SELL: 'sell'>)","('time_in_force', <TimeInForce.GTC: 'gtc'>)","('limit_price', None)","('stop_price', None)","('status', <OrderStatus.FILLED: 'filled'>)","('extended_hours', False)","('legs', None)","('trail_percent', None)","('trail_price', None)","('hwm', None)"
31,"('id', UUID('c77c8a12-5fe3-4b88-bf6f-09c0fa783e08'))","('client_order_id', '0e290b05-ecdc-4c94-a272-c91f6e0be596')","('created_at', datetime.datetime(2024, 7, 12, 16, 30, 32, 940440, tzinfo=TzInfo(UTC)))","('updated_at', datetime.datetime(2024, 7, 12, 16, 30, 32, 982813, tzinfo=TzInfo(UTC)))","('submitted_at', datetime.datetime(2024, 7, 12, 16, 30, 32, 940440, tzinfo=TzInfo(UTC)))","('filled_at', datetime.datetime(2024, 7, 12, 16, 30, 32, 943480, tzinfo=TzInfo(UTC)))","('expired_at', None)","('canceled_at', None)","('failed_at', None)","('replaced_at', None)","('replaced_by', None)","('replaces', None)","('asset_id', UUID('276e2673-764b-4ab6-a611-caf665ca6340'))","('symbol', 'BTC/USD')","('asset_class', <AssetClass.CRYPTO: 'crypto'>)","('notional', None)","('qty', '0.040894663')","('filled_qty', '0.040894663')","('filled_avg_price', '58226.25')","('order_class', <OrderClass.SIMPLE: 'simple'>)","('order_type', <OrderType.MARKET: 'market'>)","('type', <OrderType.MARKET: 'market'>)","('side', <OrderSide.SELL: 'sell'>)","('time_in_force', <TimeInForce.GTC: 'gtc'>)","('limit_price', None)","('stop_price', None)","('status', <OrderStatus.FILLED: 'filled'>)","('extended_hours', False)","('legs', None)","('trail_percent', None)","('trail_price', None)","('hwm', None)"
32,"('id', UUID('5b431ad2-3bbf-4d48-bace-3bbd11ffe48c'))","('client_order_id', '70d7e38c-c3ca-4ef4-9f6e-db7221cf59ed')","('created_at', datetime.datetime(2024, 7, 12, 16, 14, 47, 7189, tzinfo=TzInfo(UTC)))","('updated_at', datetime.datetime(2024, 7, 12, 16, 14, 47, 32982, tzinfo=TzInfo(UTC)))","('submitted_at', datetime.datetime(2024, 7, 12, 16, 14, 47, 7189, tzinfo=TzInfo(UTC)))","('filled_at', datetime.datetime(2024, 7, 12, 16, 14, 47, 9691, tzinfo=TzInfo(UTC)))","('expired_at', None)","('canceled_at', None)","('failed_at', None)","('replaced_at', None)","('replaced_by', None)","('replaces', None)","('asset_id', UUID('276e2673-764b-4ab6-a611-caf665ca6340'))","('symbol', 'BTC/USD')","('asset_class', <AssetClass.CRYPTO: 'crypto'>)","('notional', None)","('qty', '0.054783094')","('filled_qty', '0.054783094')","('filled_avg_price', '58102.8')","('order_class', <OrderClass.SIMPLE: 'simple'>)","('order_type', <OrderType.MARKET: 'market'>)","('type', <OrderType.MARKET: 'market'>)","('side', <OrderSide.BUY: 'buy'>)","('time_in_force', <TimeInForce.GTC: 'gtc'>)","('limit_price', None)","('stop_price', None)","('status', <OrderStatus.FILLED: 'filled'>)","('extended_hours', False)","('legs', None)","('trail_percent', None)","('trail_price', None)","('hwm', None)"
33,"('id', UUID('7e326529-fdb9-419d-8680-e11ec3067429'))","('client_order_id', '36f68ff5-e7a7-4080-9cda-eff7e81294a8')","('created_at', datetime.datetime(2024, 7, 12, 15, 59, 46, 536629, tzinfo=TzInfo(UTC)))","('updated_at', datetime.datetime(2024, 7, 12, 15, 59, 46, 583070, tzinfo=TzInfo(UTC)))","('submitted_at', datetime.datetime(2024, 7, 12, 15, 59, 46, 536629, tzinfo=TzInfo(UTC)))","('filled_at', datetime.datetime(2024, 7, 12, 15, 59, 46, 539422, tzinfo=TzInfo(UTC)))","('expired_at', None)","('canceled_at', None)","('failed_at', None)","('replaced_at', None)","('replaced_by', None)","('replaces', None)","('asset_id', UUID('276e2673-764b-4ab6-a611-caf665ca6340'))","('symbol', 'BTC/USD')","('asset_class', <AssetClass.CRYPTO: 'crypto'>)","('notional', None)","('qty', '0.054654537')","('filled_qty', '0.054654537')","('filled_avg_price', '58264.556')","('order_class', <OrderClass.SIMPLE: 'simple'>)","('order_type', <OrderType.MARKET: 'market'>)","('type', <OrderType.MARKET: 'market'>)","('side', <OrderSide.BUY: 'buy'>)","('time_in_force', <TimeInForce.GTC: 'gtc'>)","('limit_price', None)","('stop_price', None)","('status', <OrderStatus.FILLED: 'filled'>)","('extended_hours', False)","('legs', None)","('trail_percent', None)","('trail_price', None)","('hwm', None)"
34,"('id', UUID('1f496345-4cb7-4200-93d8-acf362a657e8'))","('client_order_id', 'c4b3f89c-4172-42b3-9e7a-50a30ce08a01')","('created_at', datetime.datetime(2024, 7, 12, 15, 30, 35, 485748, tzinfo=TzInfo(UTC)))","('updated_at', datetime.datetime(2024, 7, 12, 15, 30, 35, 532775, tzinfo=TzInfo(UTC)))","('submitted_at', datetime.datetime(2024, 7, 12, 15, 30, 35, 485748, tzinfo=TzInfo(UTC)))","('filled_at', datetime.datetime(2024, 7, 12, 15, 30, 35, 488390, tzinfo=TzInfo(UTC)))","('expired_at', None)","('canceled_at', None)","('failed_at', None)","('replaced_at', None)","('replaced_by', None)","('replaces', None)","('asset_id', UUID('276e2673-764b-4ab6-a611-caf665ca6340'))","('symbol', 'BTC/USD')","('asset_class', <AssetClass.CRYPTO: 'crypto'>)","('notional', None)","('qty', '0.054639807')","('filled_qty', '0.054639807')","('filled_avg_price', '58231.579')","('order_class', <OrderClass.SIMPLE: 'simple'>)","('order_type', <OrderType.MARKET: 'market'>)","('type', <OrderType.MARKET: 'market'>)","('side', <OrderSide.BUY: 'buy'>)","('time_in_force', <TimeInForce.GTC: 'gtc'>)","('limit_price', None)","('stop_price', None)","('status', <OrderStatus.FILLED: 'filled'>)","('extended_hours', False)","('legs', None)","('trail_percent', None)","('trail_price', None)","('hwm', None)"
35,"('id', UUID('188b177b-04fc-4602-85af-ec67c2e646e7'))","('client_order_id', '69c07ae8-0d18-48d1-889e-e08dc12510da')","('created_at', datetime.datetime(2024, 7, 12, 15, 14, 47, 116043, tzinfo=TzInfo(UTC)))","('updated_at', datetime.datetime(2024, 7, 12, 15, 14, 47, 133251, tzinfo=TzInfo(UTC)))","('submitted_at', datetime.datetime(2024, 7, 12, 15, 14, 47, 116043, tzinfo=TzInfo(UTC)))","('filled_at', datetime.datetime(2024, 7, 12, 15, 14, 47, 118639, tzinfo=TzInfo(UTC)))","('expired_at', None)","('canceled_at', None)","('failed_at', None)","('replaced_at', None)","('replaced_by', None)","('replaces', None)","('asset_id', UUID('276e2673-764b-4ab6-a611-caf665ca6340'))","('symbol', 'BTC/USD')","('asset_class', <AssetClass.CRYPTO: 'crypto'>)","('notional', None)","('qty', '0.018176179')","('filled_qty', '0.018176179')","('filled_avg_price', '57985.726')","('order_class', <OrderClass.SIMPLE: 'simple'>)","('order_type', <OrderType.MARKET: 'market'>)","('type', <OrderType.MARKET: 'market'>)","('side', <OrderSide.BUY: 'buy'>)","('time_in_force', <TimeInForce.GTC: 'gtc'>)","('limit_price', None)","('stop_price', None)","('status', <OrderStatus.FILLED: 'filled'>)","('extended_hours', False)","('legs', None)","('trail_percent', None)","('trail_price', None)","('hwm', None)"
36,"('id', UUID('f178ebf7-8071-4b4f-9e13-bc0176b1b2c9'))","('client_order_id', '3272e663-5e84-4d1e-a063-ecaec6c5db7c')","('created_at', datetime.datetime(2024, 7, 12, 14, 59, 47, 185205, tzinfo=TzInfo(UTC)))","('updated_at', datetime.datetime(2024, 7, 12, 14, 59, 47, 232795, tzinfo=TzInfo(UTC)))","('submitted_at', datetime.datetime(2024, 7, 12, 14, 59, 47, 185205, tzinfo=TzInfo(UTC)))","('filled_at', datetime.datetime(2024, 7, 12, 14, 59, 47, 188230, tzinfo=TzInfo(UTC)))","('expired_at', None)","('canceled_at', None)","('failed_at', None)","('replaced_at', None)","('replaced_by', None)","('replaces', None)","('asset_id', UUID('276e2673-764b-4ab6-a611-caf665ca6340'))","('symbol', 'BTC/USD')","('asset_class', <AssetClass.CRYPTO: 'crypto'>)","('notional', None)","('qty', '0.018224997')","('filled_qty', '0.018224997')","('filled_avg_price', '57860.25')","('order_class', <OrderClass.SIMPLE: 'simple'>)","('order_type', <OrderType.MARKET: 'market'>)","('type', <OrderType.MARKET: 'market'>)","('side', <OrderSide.BUY: 'buy'>)","('time_in_force', <TimeInForce.GTC: 'gtc'>)","('limit_price', None)","('stop_price', None)","('status', <OrderStatus.FILLED: 'filled'>)","('extended_hours', False)","('legs', None)","('trail_percent', None)","('trail_price', None)","('hwm', None)"
37,"('id', UUID('dcb46f17-2330-4821-ba45-14a10e8cb39d'))","('client_order_id', '147c9f35-7e4d-429a-8c62-5dce19f69fde')","('created_at', datetime.datetime(2024, 7, 12, 14, 44, 46, 961892, tzinfo=TzInfo(UTC)))","('updated_at', datetime.datetime(2024, 7, 12, 14, 44, 46, 983458, tzinfo=TzInfo(UTC)))","('submitted_at', datetime.datetime(2024, 7, 12, 14, 44, 46, 961892, tzinfo=TzInfo(UTC)))","('filled_at', datetime.datetime(2024, 7, 12, 14, 44, 46, 965610, tzinfo=TzInfo(UTC)))","('expired_at', None)","('canceled_at', None)","('failed_at', None)","('replaced_at', None)","('replaced_by', None)","('replaces', None)","('asset_id', UUID('276e2673-764b-4ab6-a611-caf665ca6340'))","('symbol', 'BTC/USD')","('asset_class', <AssetClass.CRYPTO: 'crypto'>)","('notional', None)","('qty', '0.018187339')","('filled_qty', '0.018187339')","('filled_avg_price', '57993.5')","('order_class', <OrderClass.SIMPLE: 'simple'>)","('order_type', <OrderType.MARKET: 'market'>)","('type', <OrderType.MARKET: 'market'>)","('side', <OrderSide.BUY: 'buy'>)","('time_in_force', <TimeInForce.GTC: 'gtc'>)","('limit_price', None)","('stop_price', None)","('status', <OrderStatus.FILLED: 'filled'>)","('extended_hours', False)","('legs', None)","('trail_percent', None)","('trail_price', None)","('hwm', None)"
38,"('id', UUID('8d5ec169-9f47-4d29-9bd7-3706f305a6b1'))","('client_order_id', '45a10d57-593d-469c-809d-243b02949897')","('created_at', datetime.datetime(2024, 7, 12, 14, 30, 34, 263238, tzinfo=TzInfo(UTC)))","('updated_at', datetime.datetime(2024, 7, 12, 14, 30, 34, 283113, tzinfo=TzInfo(UTC)))","('submitted_at', datetime.datetime(2024, 7, 12, 14, 30, 34, 263238, tzinfo=TzInfo(UTC)))","('filled_at', datetime.datetime(2024, 7, 12, 14, 30, 34, 265656, tzinfo=TzInfo(UTC)))","('expired_at', None)","('canceled_at', None)","('failed_at', None)","('replaced_at', None)","('replaced_by', None)","('replaces', None)","('asset_id', UUID('276e2673-764b-4ab6-a611-caf665ca6340'))","('symbol', 'BTC/USD')","('asset_class', <AssetClass.CRYPTO: 'crypto'>)","('notional', None)","('qty', '0.018166062')","('filled_qty', '0.018166062')","('filled_avg_price', '58063.1')","('order_class', <OrderClass.SIMPLE: 'simple'>)","('order_type', <OrderType.MARKET: 'market'>)","('type', <OrderType.MARKET: 'market'>)","('side', <OrderSide.BUY: 'buy'>)","('time_in_force', <TimeInForce.GTC: 'gtc'>)","('limit_price', None)","('stop_price', None)","('status', <OrderStatus.FILLED: 'filled'>)","('extended_hours', False)","('legs', None)","('trail_percent', None)","('trail_price', None)","('hwm', None)"
39,"('id', UUID('d59272d7-bb5d-449b-831b-a40f7a34c221'))","('client_order_id', 'a5005aef-19f6-40a0-8ac5-d61eca8e8c2d')","('created_at', datetime.datetime(2024, 7, 12, 4, 30, 32, 197009, tzinfo=TzInfo(UTC)))","('updated_at', datetime.datetime(2024, 7, 12, 4, 30, 32, 232941, tzinfo=TzInfo(UTC)))","('submitted_at', datetime.datetime(2024, 7, 12, 4, 30, 32, 197009, tzinfo=TzInfo(UTC)))","('filled_at', datetime.datetime(2024, 7, 12, 4, 30, 32, 200559, tzinfo=TzInfo(UTC)))","('expired_at', None)","('canceled_at', None)","('failed_at', None)","('replaced_at', None)","('replaced_by', None)","('replaces', None)","('asset_id', UUID('276e2673-764b-4ab6-a611-caf665ca6340'))","('symbol', 'BTC/USD')","('asset_class', <AssetClass.CRYPTO: 'crypto'>)","('notional', None)","('qty', '0.078386657')","('filled_qty', '0.078386657')","('filled_avg_price', '56788.4')","('order_class', <OrderClass.SIMPLE: 'simple'>)","('order_type', <OrderType.MARKET: 'market'>)","('type', <OrderType.MARKET: 'market'>)","('side', <OrderSide.BUY: 'buy'>)","('time_in_force', <TimeInForce.GTC: 'gtc'>)","('limit_price', None)","('stop_price', None)","('status', <OrderStatus.FILLED: 'filled'>)","('extended_hours', False)","('legs', None)","('trail_percent', None)","('trail_price', None)","('hwm', None)"
40,"('id', UUID('f6f6f5d2-2ba8-41bc-a821-c6b4c791941b'))","('client_order_id', 'db01c157-8b0f-4293-85d0-664a423c40a2')","('created_at', datetime.datetime(2024, 7, 12, 4, 14, 47, 308749, tzinfo=TzInfo(UTC)))","('updated_at', datetime.datetime(2024, 7, 12, 4, 14, 47, 333557, tzinfo=TzInfo(UTC)))","('submitted_at', datetime.datetime(2024, 7, 12, 4, 14, 47, 308749, tzinfo=TzInfo(UTC)))","('filled_at', datetime.datetime(2024, 7, 12, 4, 14, 47, 312148, tzinfo=TzInfo(UTC)))","('expired_at', None)","('canceled_at', None)","('failed_at', None)","('replaced_at', None)","('replaced_by', None)","('replaces', None)","('asset_id', UUID('276e2673-764b-4ab6-a611-caf665ca6340'))","('symbol', 'BTC/USD')","('asset_class', <AssetClass.CRYPTO: 'crypto'>)","('notional', None)","('qty', '0.022623983')","('filled_qty', '0.022623983')","('filled_avg_price', '56967.001')","('order_class', <OrderClass.SIMPLE: 'simple'>)","('order_type', <OrderType.MARKET: 'market'>)","('type', <OrderType.MARKET: 'market'>)","('side', <OrderSide.BUY: 'buy'>)","('time_in_force', <TimeInForce.GTC: 'gtc'>)","('limit_price', None)","('stop_price', None)","('status', <OrderStatus.FILLED: 'filled'>)","('extended_hours', False)","('legs', None)","('trail_percent', None)","('trail_price', None)","('hwm', None)"
41,"('id', UUID('b955b8a5-ccc0-459a-a701-25857e7f5aa0'))","('client_order_id', '85c4c1ef-28ed-4ead-9fed-b246a235154d')","('created_at', datetime.datetime(2024, 7, 12, 3, 59, 47, 324900, tzinfo=TzInfo(UTC)))","('updated_at', datetime.datetime(2024, 7, 12, 3, 59, 47, 332810, tzinfo=TzInfo(UTC)))","('submitted_at', datetime.datetime(2024, 7, 12, 3, 59, 47, 324900, tzinfo=TzInfo(UTC)))","('filled_at', datetime.datetime(2024, 7, 12, 3, 59, 47, 329329, tzinfo=TzInfo(UTC)))","('expired_at', None)","('canceled_at', None)","('failed_at', None)","('replaced_at', None)","('replaced_by', None)","('replaces', None)","('asset_id', UUID('276e2673-764b-4ab6-a611-caf665ca6340'))","('symbol', 'BTC/USD')","('asset_class', <AssetClass.CRYPTO: 'crypto'>)","('notional', None)","('qty', '0.022634973')","('filled_qty', '0.022634973')","('filled_avg_price', '56940.81')","('order_class', <OrderClass.SIMPLE: 'simple'>)","('order_type', <OrderType.MARKET: 'market'>)","('type', <OrderType.MARKET: 'market'>)","('side', <OrderSide.BUY: 'buy'>)","('time_in_force', <TimeInForce.GTC: 'gtc'>)","('limit_price', None)","('stop_price', None)","('status', <OrderStatus.FILLED: 'filled'>)","('extended_hours', False)","('legs', None)","('trail_percent', None)","('trail_price', None)","('hwm', None)"
42,"('id', UUID('a1dd7093-2257-49d6-983a-c3ec0d406fad'))","('client_order_id', 'f1892d39-bff1-4ed7-850a-e1c31a03efd0')","('created_at', datetime.datetime(2024, 7, 12, 3, 44, 46, 782008, tzinfo=TzInfo(UTC)))","('updated_at', datetime.datetime(2024, 7, 12, 3, 44, 46, 833257, tzinfo=TzInfo(UTC)))","('submitted_at', datetime.datetime(2024, 7, 12, 3, 44, 46, 782008, tzinfo=TzInfo(UTC)))","('filled_at', datetime.datetime(2024, 7, 12, 3, 44, 46, 787799, tzinfo=TzInfo(UTC)))","('expired_at', None)","('canceled_at', None)","('failed_at', None)","('replaced_at', None)","('replaced_by', None)","('replaces', None)","('asset_id', UUID('276e2673-764b-4ab6-a611-caf665ca6340'))","('symbol', 'BTC/USD')","('asset_class', <AssetClass.CRYPTO: 'crypto'>)","('notional', None)","('qty', '0.022634301')","('filled_qty', '0.022634301')","('filled_avg_price', '56955.86')","('order_class', <OrderClass.SIMPLE: 'simple'>)","('order_type', <OrderType.MARKET: 'market'>)","('type', <OrderType.MARKET: 'market'>)","('side', <OrderSide.BUY: 'buy'>)","('time_in_force', <TimeInForce.GTC: 'gtc'>)","('limit_price', None)","('stop_price', None)","('status', <OrderStatus.FILLED: 'filled'>)","('extended_hours', False)","('legs', None)","('trail_percent', None)","('trail_price', None)","('hwm', None)"
43,"('id', UUID('68b8ab31-0c38-4749-9d2f-b28e572d6e1e'))","('client_order_id', 'f22f01dc-d349-4906-b97c-5741ec583682')","('created_at', datetime.datetime(2024, 7, 12, 3, 30, 52, 687558, tzinfo=TzInfo(UTC)))","('updated_at', datetime.datetime(2024, 7, 12, 3, 30, 52, 733413, tzinfo=TzInfo(UTC)))","('submitted_at', datetime.datetime(2024, 7, 12, 3, 30, 52, 687558, tzinfo=TzInfo(UTC)))","('filled_at', datetime.datetime(2024, 7, 12, 3, 30, 52, 691559, tzinfo=TzInfo(UTC)))","('expired_at', None)","('canceled_at', None)","('failed_at', None)","('replaced_at', None)","('replaced_by', None)","('replaces', None)","('asset_id', UUID('276e2673-764b-4ab6-a611-caf665ca6340'))","('symbol', 'BTC/USD')","('asset_class', <AssetClass.CRYPTO: 'crypto'>)","('notional', None)","('qty', '0.022573912')","('filled_qty', '0.022573912')","('filled_avg_price', '57107.79')","('order_class', <OrderClass.SIMPLE: 'simple'>)","('order_type', <OrderType.MARKET: 'market'>)","('type', <OrderType.MARKET: 'market'>)","('side', <OrderSide.BUY: 'buy'>)","('time_in_force', <TimeInForce.GTC: 'gtc'>)","('limit_price', None)","('stop_price', None)","('status', <OrderStatus.FILLED: 'filled'>)","('extended_hours', False)","('legs', None)","('trail_percent', None)","('trail_price', None)","('hwm', None)"
44,"('id', UUID('2a8991c7-7c63-4ab9-8507-e85f89888954'))","('client_order_id', 'a4f629d7-1d20-4492-966a-f256bde622bd')","('created_at', datetime.datetime(2024, 7, 12, 3, 14, 47, 32115, tzinfo=TzInfo(UTC)))","('updated_at', datetime.datetime(2024, 7, 12, 3, 14, 47, 82843, tzinfo=TzInfo(UTC)))","('submitted_at', datetime.datetime(2024, 7, 12, 3, 14, 47, 32115, tzinfo=TzInfo(UTC)))","('filled_at', datetime.datetime(2024, 7, 12, 3, 14, 47, 57166, tzinfo=TzInfo(UTC)))","('expired_at', None)","('canceled_at', None)","('failed_at', None)","('replaced_at', None)","('replaced_by', None)","('replaces', None)","('asset_id', UUID('276e2673-764b-4ab6-a611-caf665ca6340'))","('symbol', 'BTC/USD')","('asset_class', <AssetClass.CRYPTO: 'crypto'>)","('notional', None)","('qty', '0.02259115')","('filled_qty', '0.02259115')","('filled_avg_price', '57046.7')","('order_class', <OrderClass.SIMPLE: 'simple'>)","('order_type', <OrderType.MARKET: 'market'>)","('type', <OrderType.MARKET: 'market'>)","('side', <OrderSide.BUY: 'buy'>)","('time_in_force', <TimeInForce.GTC: 'gtc'>)","('limit_price', None)","('stop_price', None)","('status', <OrderStatus.FILLED: 'filled'>)","('extended_hours', False)","('legs', None)","('trail_percent', None)","('trail_price', None)","('hwm', None)"
45,"('id', UUID('28cd8e2d-f029-49a1-8108-697e23fb4f24'))","('client_order_id', '4ffddea7-76d6-467a-be49-a40f59bfce23')","('created_at', datetime.datetime(2024, 7, 12, 2, 59, 46, 972200, tzinfo=TzInfo(UTC)))","('updated_at', datetime.datetime(2024, 7, 12, 2, 59, 46, 983270, tzinfo=TzInfo(UTC)))","('submitted_at', datetime.datetime(2024, 7, 12, 2, 59, 46, 972200, tzinfo=TzInfo(UTC)))","('filled_at', datetime.datetime(2024, 7, 12, 2, 59, 46, 975653, tzinfo=TzInfo(UTC)))","('expired_at', None)","('canceled_at', None)","('failed_at', None)","('replaced_at', None)","('replaced_by', None)","('replaces', None)","('asset_id', UUID('276e2673-764b-4ab6-a611-caf665ca6340'))","('symbol', 'BTC/USD')","('asset_class', <AssetClass.CRYPTO: 'crypto'>)","('notional', None)","('qty', '0.022453878')","('filled_qty', '0.022453878')","('filled_avg_price', '57386.05')","('order_class', <OrderClass.SIMPLE: 'simple'>)","('order_type', <OrderType.MARKET: 'market'>)","('type', <OrderType.MARKET: 'market'>)","('side', <OrderSide.BUY: 'buy'>)","('time_in_force', <TimeInForce.GTC: 'gtc'>)","('limit_price', None)","('stop_price', None)","('status', <OrderStatus.FILLED: 'filled'>)","('extended_hours', False)","('legs', None)","('trail_percent', None)","('trail_price', None)","('hwm', None)"
46,"('id', UUID('4658f56f-4eb7-4949-98f6-1d590662e3c8'))","('client_order_id', 'de3e6e92-40a0-47d1-87db-17536461a583')","('created_at', datetime.datetime(2024, 7, 12, 2, 44, 46, 841366, tzinfo=TzInfo(UTC)))","('updated_at', datetime.datetime(2024, 7, 12, 2, 44, 46, 883568, tzinfo=TzInfo(UTC)))","('submitted_at', datetime.datetime(2024, 7, 12, 2, 44, 46, 841366, tzinfo=TzInfo(UTC)))","('filled_at', datetime.datetime(2024, 7, 12, 2, 44, 46, 865044, tzinfo=TzInfo(UTC)))","('expired_at', None)","('canceled_at', None)","('failed_at', None)","('replaced_at', None)","('replaced_by', None)","('replaces', None)","('asset_id', UUID('276e2673-764b-4ab6-a611-caf665ca6340'))","('symbol', 'BTC/USD')","('asset_class', <AssetClass.CRYPTO: 'crypto'>)","('notional', None)","('qty', '0.022477889')","('filled_qty', '0.022477889')","('filled_avg_price', '57338.17')","('order_class', <OrderClass.SIMPLE: 'simple'>)","('order_type', <OrderType.MARKET: 'market'>)","('type', <OrderType.MARKET: 'market'>)","('side', <OrderSide.BUY: 'buy'>)","('time_in_force', <TimeInForce.GTC: 'gtc'>)","('limit_price', None)","('stop_price', None)","('status', <OrderStatus.FILLED: 'filled'>)","('extended_hours', False)","('legs', None)","('trail_percent', None)","('trail_price', None)","('hwm', None)"
47,"('id', UUID('9791ab03-03aa-4999-b535-378922d1921f'))","('client_order_id', '0496dcc7-1705-45cb-9e45-c78501b4a294')","('created_at', datetime.datetime(2024, 7, 12, 2, 30, 50, 650174, tzinfo=TzInfo(UTC)))","('updated_at', datetime.datetime(2024, 7, 12, 2, 30, 50, 683336, tzinfo=TzInfo(UTC)))","('submitted_at', datetime.datetime(2024, 7, 12, 2, 30, 50, 650174, tzinfo=TzInfo(UTC)))","('filled_at', datetime.datetime(2024, 7, 12, 2, 30, 50, 653548, tzinfo=TzInfo(UTC)))","('expired_at', None)","('canceled_at', None)","('failed_at', None)","('replaced_at', None)","('replaced_by', None)","('replaces', None)","('asset_id', UUID('276e2673-764b-4ab6-a611-caf665ca6340'))","('symbol', 'BTC/USD')","('asset_class', <AssetClass.CRYPTO: 'crypto'>)","('notional', None)","('qty', '0.022531832')","('filled_qty', '0.022531832')","('filled_avg_price', '57203.9')","('order_class', <OrderClass.SIMPLE: 'simple'>)","('order_type', <OrderType.MARKET: 'market'>)","('type', <OrderType.MARKET: 'market'>)","('side', <OrderSide.BUY: 'buy'>)","('time_in_force', <TimeInForce.GTC: 'gtc'>)","('limit_price', None)","('stop_price', None)","('status', <OrderStatus.FILLED: 'filled'>)","('extended_hours', False)","('legs', None)","('trail_percent', None)","('trail_price', None)","('hwm', None)"
48,"('id', UUID('139320f9-5792-4cce-9efa-24cb370aa6f4'))","('client_order_id', 'be37eb1e-1ec0-483f-81ab-9c9f3d315e34')","('created_at', datetime.datetime(2024, 7, 12, 2, 14, 47, 254202, tzinfo=TzInfo(UTC)))","('updated_at', datetime.datetime(2024, 7, 12, 2, 14, 47, 283484, tzinfo=TzInfo(UTC)))","('submitted_at', datetime.datetime(2024, 7, 12, 2, 14, 47, 254202, tzinfo=TzInfo(UTC)))","('filled_at', datetime.datetime(2024, 7, 12, 2, 14, 47, 258835, tzinfo=TzInfo(UTC)))","('expired_at', None)","('canceled_at', None)","('failed_at', None)","('replaced_at', None)","('replaced_by', None)","('replaces', None)","('asset_id', UUID('276e2673-764b-4ab6-a611-caf665ca6340'))","('symbol', 'BTC/USD')","('asset_class', <AssetClass.CRYPTO: 'crypto'>)","('notional', None)","('qty', '0.022599534')","('filled_qty', '0.022599534')","('filled_avg_price', '57023.621')","('order_class', <OrderClass.SIMPLE: 'simple'>)","('order_type', <OrderType.MARKET: 'market'>)","('type', <OrderType.MARKET: 'market'>)","('side', <OrderSide.BUY: 'buy'>)","('time_in_force', <TimeInForce.GTC: 'gtc'>)","('limit_price', None)","('stop_price', None)","('status', <OrderStatus.FILLED: 'filled'>)","('extended_hours', False)","('legs', None)","('trail_percent', None)","('trail_price', None)","('hwm', None)"
49,"('id', UUID('49954fb0-18bf-4300-ae9e-2db8c5e88b74'))","('client_order_id', '3a2819d2-b467-44c9-9ab8-063950f7a3d0')","('created_at', datetime.datetime(2024, 7, 12, 1, 59, 47, 38732, tzinfo=TzInfo(UTC)))","('updated_at', datetime.datetime(2024, 7, 12, 1, 59, 47, 83415, tzinfo=TzInfo(UTC)))","('submitted_at', datetime.datetime(2024, 7, 12, 1, 59, 47, 38732, tzinfo=TzInfo(UTC)))","('filled_at', datetime.datetime(2024, 7, 12, 1, 59, 47, 42495, tzinfo=TzInfo(UTC)))","('expired_at', None)","('canceled_at', None)","('failed_at', None)","('replaced_at', None)","('replaced_by', None)","('replaces', None)","('asset_id', UUID('276e2673-764b-4ab6-a611-caf665ca6340'))","('symbol', 'BTC/USD')","('asset_class', <AssetClass.CRYPTO: 'crypto'>)","('notional', None)","('qty', '0.022622895')","('filled_qty', '0.022622895')","('filled_avg_price', '56972.98')","('order_class', <OrderClass.SIMPLE: 'simple'>)","('order_type', <OrderType.MARKET: 'market'>)","('type', <OrderType.MARKET: 'market'>)","('side', <OrderSide.BUY: 'buy'>)","('time_in_force', <TimeInForce.GTC: 'gtc'>)","('limit_price', None)","('stop_price', None)","('status', <OrderStatus.FILLED: 'filled'>)","('extended_hours', False)","('legs', None)","('trail_percent', None)","('trail_price', None)","('hwm', None)"
